,narG,napA,nirS,nirK,cNor,qNor,nosZ
narG,0.0,-0.0719127225365282,-0.0014921918272305698,-0.014144310358951351,-0.002591608653603438,-0.0056838551823931195,-0.01647633939767277
napA,-0.07191272253652971,0.0,0.05871835383299051,-0.019148073850175886,0.05060702935257343,-0.034528775368038146,0.020910938137195075
nirS,-0.001492191827229659,0.058718353832988325,0.0,-0.01847959594842424,0.23487324440325114,-0.0025215652121402237,0.08047006806655088
nirK,-0.014144310358952061,-0.019148073850176053,-0.018479595948425402,0.0,0.0013165541813232565,0.010354229192585237,0.0005114111855470287
cNor,-0.0025916086536018896,0.050607029352572774,0.23487324440325252,0.0013165541813262732,0.0,-0.059598527753817264,0.1443087479140072
qNor,-0.005683855182392767,-0.03452877536803641,-0.0025215652121377387,0.01035422919258479,-0.05959852775381639,0.0,0.0009631233503164685
nosZ,-0.016476339397672672,0.020910938137191637,0.08047006806654744,0.0005114111855465531,0.14430874791400802,0.0009631233503176384,0.0
